cheetah/011.jpg,cheetah
cheetah/012.jpg,cheetah
cheetah/013.jpg,cheetah
cheetah/014.jpg,cheetah
cheetah/015.jpg,cheetah
cheetah/016.jpg,cheetah
cheetah/017.jpg,cheetah
cheetah/018.jpg,cheetah
cheetah/019.jpg,cheetah
cheetah/020.jpg,cheetah
cheetah/021.jpg,cheetah
cheetah/022.jpg,cheetah
cheetah/023.jpg,cheetah
cheetah/024.jpg,cheetah
cheetah/025.jpg,cheetah
cheetah/026.jpg,cheetah
cheetah/027.jpg,cheetah
cheetah/028.jpg,cheetah
cheetah/029.jpg,cheetah
cheetah/030.jpg,cheetah
cheetah/031.jpg,cheetah
cheetah/032.jpg,cheetah
cheetah/033.jpg,cheetah
cheetah/034.jpg,cheetah
cheetah/035.jpg,cheetah
cheetah/036.jpg,cheetah
cheetah/037.jpg,cheetah
cheetah/038.jpg,cheetah
cheetah/039.jpg,cheetah
cheetah/040.jpg,cheetah
cheetah/041.jpg,cheetah
cheetah/042.jpg,cheetah
cheetah/043.jpg,cheetah
cheetah/044.jpg,cheetah
cheetah/045.jpg,cheetah
cheetah/046.jpg,cheetah
cheetah/047.jpg,cheetah
cheetah/048.jpg,cheetah
cheetah/049.jpg,cheetah
cheetah/050.jpg,cheetah
