albatross/011.jpg,albatross
albatross/012.jpg,albatross
albatross/013.jpg,albatross
albatross/014.jpg,albatross
albatross/015.jpg,albatross
albatross/016.jpg,albatross
albatross/017.jpg,albatross
albatross/018.jpg,albatross
albatross/019.jpg,albatross
albatross/020.jpg,albatross
albatross/021.jpg,albatross
albatross/022.jpg,albatross
albatross/023.jpg,albatross
albatross/024.jpg,albatross
albatross/025.jpg,albatross
albatross/026.jpg,albatross
albatross/027.jpg,albatross
albatross/028.jpg,albatross
albatross/029.jpg,albatross
albatross/030.jpg,albatross
albatross/031.jpg,albatross
albatross/032.jpg,albatross
albatross/033.jpg,albatross
albatross/034.jpg,albatross
albatross/035.jpg,albatross
albatross/036.jpg,albatross
albatross/037.jpg,albatross
albatross/038.jpg,albatross
albatross/039.jpg,albatross
albatross/040.jpg,albatross
albatross/041.jpg,albatross
albatross/042.jpg,albatross
albatross/043.jpg,albatross
albatross/044.jpg,albatross
albatross/045.jpg,albatross
albatross/046.jpg,albatross
albatross/047.jpg,albatross
albatross/048.jpg,albatross
albatross/049.jpg,albatross
albatross/050.jpg,albatross
cheetah/011.jpg,cheetah
cheetah/012.jpg,cheetah
cheetah/013.jpg,cheetah
cheetah/014.jpg,cheetah
cheetah/015.jpg,cheetah
cheetah/016.jpg,cheetah
cheetah/017.jpg,cheetah
cheetah/018.jpg,cheetah
cheetah/019.jpg,cheetah
cheetah/020.jpg,cheetah
cheetah/021.jpg,cheetah
cheetah/022.jpg,cheetah
cheetah/023.jpg,cheetah
cheetah/024.jpg,cheetah
cheetah/025.jpg,cheetah
cheetah/026.jpg,cheetah
cheetah/027.jpg,cheetah
cheetah/028.jpg,cheetah
cheetah/029.jpg,cheetah
cheetah/030.jpg,cheetah
cheetah/031.jpg,cheetah
cheetah/032.jpg,cheetah
cheetah/033.jpg,cheetah
cheetah/034.jpg,cheetah
cheetah/035.jpg,cheetah
cheetah/036.jpg,cheetah
cheetah/037.jpg,cheetah
cheetah/038.jpg,cheetah
cheetah/039.jpg,cheetah
cheetah/040.jpg,cheetah
cheetah/041.jpg,cheetah
cheetah/042.jpg,cheetah
cheetah/043.jpg,cheetah
cheetah/044.jpg,cheetah
cheetah/045.jpg,cheetah
cheetah/046.jpg,cheetah
cheetah/047.jpg,cheetah
cheetah/048.jpg,cheetah
cheetah/049.jpg,cheetah
cheetah/050.jpg,cheetah
giraffe/011.jpg,giraffe
giraffe/012.jpg,giraffe
giraffe/013.jpg,giraffe
giraffe/014.jpg,giraffe
giraffe/015.jpg,giraffe
giraffe/016.jpg,giraffe
giraffe/017.jpg,giraffe
giraffe/018.jpg,giraffe
giraffe/019.jpg,giraffe
giraffe/020.jpg,giraffe
giraffe/021.jpg,giraffe
giraffe/022.jpg,giraffe
giraffe/023.jpg,giraffe
giraffe/024.jpg,giraffe
giraffe/025.jpg,giraffe
giraffe/026.jpg,giraffe
giraffe/027.jpg,giraffe
giraffe/028.jpg,giraffe
giraffe/029.jpg,giraffe
giraffe/030.jpg,giraffe
giraffe/031.jpg,giraffe
giraffe/032.jpg,giraffe
giraffe/033.jpg,giraffe
giraffe/034.jpg,giraffe
giraffe/035.jpg,giraffe
giraffe/036.jpg,giraffe
giraffe/037.jpg,giraffe
giraffe/038.jpg,giraffe
giraffe/039.jpg,giraffe
giraffe/040.jpg,giraffe
giraffe/041.jpg,giraffe
giraffe/042.jpg,giraffe
giraffe/043.jpg,giraffe
giraffe/044.jpg,giraffe
giraffe/045.jpg,giraffe
giraffe/046.jpg,giraffe
giraffe/047.jpg,giraffe
giraffe/048.jpg,giraffe
giraffe/049.jpg,giraffe
giraffe/050.jpg,giraffe
