ostrich/010.jpg,ostrich
ostrich/011.jpg,ostrich
ostrich/012.jpg,ostrich
ostrich/013.jpg,ostrich
ostrich/014.jpg,ostrich
ostrich/015.jpg,ostrich
ostrich/016.jpg,ostrich
ostrich/017.jpg,ostrich
ostrich/018.jpg,ostrich
ostrich/019.jpg,ostrich
ostrich/020.jpg,ostrich
ostrich/021.jpg,ostrich
ostrich/022.jpg,ostrich
ostrich/023.jpg,ostrich
ostrich/024.jpg,ostrich
ostrich/025.jpg,ostrich
ostrich/026.jpg,ostrich
ostrich/027.jpg,ostrich
ostrich/028.jpg,ostrich
ostrich/029.jpg,ostrich
ostrich/030.jpg,ostrich
ostrich/031.jpg,ostrich
ostrich/032.jpg,ostrich
ostrich/033.jpg,ostrich
ostrich/034.jpg,ostrich
ostrich/035.jpg,ostrich
ostrich/036.jpg,ostrich
ostrich/037.jpg,ostrich
ostrich/038.jpg,ostrich
ostrich/039.jpg,ostrich
ostrich/040.jpg,ostrich
ostrich/041.jpg,ostrich
ostrich/042.jpg,ostrich
ostrich/043.jpg,ostrich
ostrich/044.jpg,ostrich
ostrich/045.jpg,ostrich
ostrich/046.jpg,ostrich
ostrich/047.jpg,ostrich
ostrich/048.jpg,ostrich
ostrich/049.jpg,ostrich
ostrich/050.jpg,ostrich
penguin/011.jpg,penguin
penguin/012.jpg,penguin
penguin/013.jpg,penguin
penguin/014.jpg,penguin
penguin/015.jpg,penguin
penguin/016.jpg,penguin
penguin/017.jpg,penguin
penguin/018.jpg,penguin
penguin/019.jpg,penguin
penguin/020.jpg,penguin
penguin/021.jpg,penguin
penguin/022.jpg,penguin
penguin/023.jpg,penguin
penguin/024.jpg,penguin
penguin/025.jpg,penguin
penguin/026.jpg,penguin
penguin/027.jpg,penguin
penguin/028.jpg,penguin
penguin/029.jpg,penguin
penguin/030.jpg,penguin
penguin/031.jpg,penguin
penguin/032.jpg,penguin
penguin/033.jpg,penguin
penguin/034.jpg,penguin
penguin/035.jpg,penguin
penguin/036.jpg,penguin
penguin/037.jpg,penguin
penguin/038.jpg,penguin
penguin/039.jpg,penguin
penguin/040.jpg,penguin
penguin/041.jpg,penguin
penguin/042.jpg,penguin
penguin/043.jpg,penguin
penguin/044.jpg,penguin
penguin/045.jpg,penguin
penguin/046.jpg,penguin
penguin/047.jpg,penguin
penguin/048.jpg,penguin
penguin/049.jpg,penguin
penguin/050.jpg,penguin
tiger/011.jpg,tiger
tiger/012.jpg,tiger
tiger/013.jpg,tiger
tiger/014.jpg,tiger
tiger/015.jpg,tiger
tiger/016.jpg,tiger
tiger/017.jpg,tiger
tiger/018.jpg,tiger
tiger/019.jpg,tiger
tiger/020.jpg,tiger
tiger/021.jpg,tiger
tiger/022.jpg,tiger
tiger/023.jpg,tiger
tiger/024.jpg,tiger
tiger/025.jpg,tiger
tiger/026.jpg,tiger
tiger/027.jpg,tiger
tiger/028.jpg,tiger
tiger/029.jpg,tiger
tiger/030.jpg,tiger
tiger/031.jpg,tiger
tiger/032.jpg,tiger
tiger/033.jpg,tiger
tiger/034.jpg,tiger
tiger/035.jpg,tiger
tiger/036.jpg,tiger
tiger/037.jpg,tiger
tiger/038.jpg,tiger
tiger/039.jpg,tiger
tiger/040.jpg,tiger
tiger/041.jpg,tiger
tiger/042.jpg,tiger
tiger/043.jpg,tiger
tiger/044.jpg,tiger
tiger/045.jpg,tiger
tiger/046.jpg,tiger
tiger/047.jpg,tiger
tiger/048.jpg,tiger
tiger/049.jpg,tiger
tiger/050.jpg,tiger
zebra/011.jpg,zebra
zebra/012.jpg,zebra
zebra/013.jpg,zebra
zebra/014.jpg,zebra
zebra/015.jpg,zebra
zebra/016.jpg,zebra
zebra/017.jpg,zebra
zebra/018.jpg,zebra
zebra/019.jpg,zebra
zebra/020.jpg,zebra
zebra/021.jpg,zebra
zebra/022.jpg,zebra
zebra/023.jpg,zebra
zebra/024.jpg,zebra
zebra/025.jpg,zebra
zebra/026.jpg,zebra
zebra/027.jpg,zebra
zebra/028.jpg,zebra
zebra/029.jpg,zebra
zebra/030.jpg,zebra
zebra/031.jpg,zebra
zebra/032.jpg,zebra
zebra/033.jpg,zebra
zebra/034.jpg,zebra
zebra/035.jpg,zebra
zebra/036.jpg,zebra
zebra/037.jpg,zebra
zebra/038.jpg,zebra
zebra/039.jpg,zebra
zebra/040.jpg,zebra
zebra/041.jpg,zebra
zebra/042.jpg,zebra
zebra/043.jpg,zebra
zebra/044.jpg,zebra
zebra/045.jpg,zebra
zebra/046.jpg,zebra
zebra/047.jpg,zebra
zebra/048.jpg,zebra
zebra/049.jpg,zebra
zebra/050.jpg,zebra
